{
   "default": {
      "Kp1": 0.0,
      "Kp2": 12.0,
      "Qfrq": -1,
      "Xstall": 0.1,
      "Vstall": 0.45,
      "Tstall": 0.03,
      "Nq2": 2.5,
      "LppA": 0.104,
      "LppB": 0.14,
      "LppC": 0.14,
      "Tmin": 0.9,
      "CmpKpf": 1.0,
      "Step": 0.00625,
      "Xxf": 0.08,
      "Vc1on": 0.6,
      "RaB": 0.03,
      "RaC": 0.03,
      "RaA": 0.04,
      "Tmax": 1.1,
      "CmpKqf": -3.3,
      "Th2t": 1.9,
      "Trc1A": 99999,
      "Ttr2A": 0.02,
      "Ttr2C": 0.03,
      "Ttr2B": 0.025,
      "TpoA": 0.095,
      "TpoC": 0.2,
      "TpoB": 0.2,
      "Vrc1A": 1,
      "Vrc2C": 0.62,
      "Kq2": 11.0,
      "Rcmp": 0,
      "HB": 0.5,
      "HC": 0.1,
      "HA": 0.1,
      "Fuvr": 0.1,
      "LsC": 1.8,
      "P2e": 1,
      "Q2c": 1.50000856267018,
      "Q2e": 1,
      "P2c": 0.422,
      "Ttr1A": 0.1,
      "Ttr1B": 0.02,
      "Ttr1C": 0.03,
      "Vmax": 1.04,
      "TppoA": 0.0021,
      "TppoB": 0.0026,
      "TppoC": 0.0026,
      "LsB": 1.8,
      "Vrc2A": 0.65,
      "Vmin": 1.025,
      "LsA": 1.8,
      "Np1": 1.0,
      "Nq1": 2.0,
      "Load_MVA_Base": -1,
      "P1c": 0.578,
      "P1e": 2,
      "PFs": -0.999,
      "Tth": 15,
      "Rstall": 0.1,
      "Tfixls": 1,
      "Xfdr": 0.04,
      "UVtr2": 1,
      "LFadJ": 0.0,
      "Vc2on": 0.5,
      "Vd1": 0.7,
      "Vd2": 0.5,
      "Vtr1B": 0.55,
      "Vtr1C": 0.58,
      "Vtr1A": 0.65,
      "Ttr2": 9999,
      "Fel": 0.159,
      "Ttr1": 0.02,
      "etrqA": 0,
      "etrqC": 2,
      "etrqB": 2,
      "Ftr1B": 0.3,
      "Ftr1C": 0.2,
      "Ftr1A": 0.2,
      "Np2": 3.2,
      "UVtr1": 0.6,
      "Substation shunt B": 0,
      "Xcmp": 0,
      "Fb": 0.75,
      "Fraction_of_eletronic_load_that_can_restart": 0.8,
      "Vc2off": 0.4,
      "FmD": 0.06,
      "FmB": 0.127,
      "FmC": 0.072,
      "FmA": 0.147,
      "LTC": 1,
      "MtypA": 3,
      "MtypC": 3,
      "MtypB": 3,
      "Vrc2B": 0.6,
      "Q1e": 2,
      "Q1c": -0.500008562670183,
      "PFel": 1,
      "Tv": 0.02,
      "Frst": 0.2,
      "Rfdr": 0.04,
      "Th1t": 0.7,
      "Tf": 0.05,
      "Vbrk": 0.86,
      "LFmA": 0.75,
      "CompLF": 1,
      "LFmC": 0.75,
      "LFmB": 0.75,
      "Trc1C": 0.05,
      "Trc1B": 0.05,
      "TD": 30,
      "TC": 5,
      "Vtr2C": 0.52,
      "Vtr2B": 0.5,
      "Vtr2A": 0.5,
      "Vc1of f": 0.5,
      "CompPF": 0.98,
      "Ftr2C": 0.3,
      "Ftr2B": 0.3,
      "Ftr2A": 0.75,
      "Tfixhs": 1,
      "Vrst": 0.95,
      "Trestart": 0.3,
      "Pfrq": 0,
      "LpC": 0.19,
      "Trc2C": 0.1,
      "Kq1": 6.0,
      "Vrc1C": 0.68,
      "Trc2A": 0.1,
      "Trc2B": 0.05,
      "LpB": 0.19,
      "LpA": 0.12,
      "Vrc1B": 0.65
   },
   "ind2name": {
      "0": "Load_MVA_Base",
      "1": "Substation shunt B",
      "2": "Rfdr",
      "3": "Xfdr",
      "4": "Fb",
      "5": "Xxf",
      "6": "Tfixhs",
      "7": "Tfixls",
      "8": "LTC",
      "9": "Tmin",
      "10": "Tmax",
      "11": "Step",
      "12": "Vmin",
      "13": "Vmax",
      "14": "TD",
      "15": "TC",
      "16": "Rcmp",
      "17": "Xcmp",
      "18": "FmA",
      "19": "FmB",
      "20": "FmC",
      "21": "FmD",
      "22": "Fel",
      "23": "PFel",
      "24": "Vd1",
      "25": "Vd2",
      "26": "PFs",
      "27": "P1e",
      "28": "P1c",
      "29": "P2e",
      "30": "P2c",
      "31": "Pfrq",
      "32": "Q1e",
      "33": "Q1c",
      "34": "Q2e",
      "35": "Q2c",
      "36": "Qfrq",
      "37": "MtypA",
      "38": "LFmA",
      "39": "RaA",
      "40": "LsA",
      "41": "LpA",
      "42": "LppA",
      "43": "TpoA",
      "44": "TppoA",
      "45": "HA",
      "46": "etrqA",
      "47": "Vtr1A",
      "48": "Ttr1A",
      "49": "Ftr1A",
      "50": "Vrc1A",
      "51": "Trc1A",
      "52": "Vtr2A",
      "53": "Ttr2A",
      "54": "Ftr2A",
      "55": "Vrc2A",
      "56": "Trc2A",
      "57": "MtypB",
      "58": "LFmB",
      "59": "RaB",
      "60": "LsB",
      "61": "LpB",
      "62": "LppB",
      "63": "TpoB",
      "64": "TppoB",
      "65": "HB",
      "66": "etrqB",
      "67": "Vtr1B",
      "68": "Ttr1B",
      "69": "Ftr1B",
      "70": "Vrc1B",
      "71": "Trc1B",
      "72": "Vtr2B",
      "73": "Ttr2B",
      "74": "Ftr2B",
      "75": "Vrc2B",
      "76": "Trc2B",
      "77": "MtypC",
      "78": "LFmC",
      "79": "RaC",
      "80": "LsC",
      "81": "LpC",
      "82": "LppC",
      "83": "TpoC",
      "84": "TppoC",
      "85": "HC",
      "86": "etrqC",
      "87": "Vtr1C",
      "88": "Ttr1C",
      "89": "Ftr1C",
      "90": "Vrc1C",
      "91": "Trc1C",
      "92": "Vtr2C",
      "93": "Ttr2C",
      "94": "Ftr2C",
      "95": "Vrc2C",
      "96": "Trc2C",
      "97": "Tstall",
      "98": "Trestart",
      "99": "Tv",
      "100": "Tf",
      "101": "CompLF",
      "102": "CompPF",
      "103": "Vstall",
      "104": "Rstall",
      "105": "Xstall",
      "106": "LFadJ",
      "107": "Kp1",
      "108": "Np1",
      "109": "Kq1",
      "110": "Nq1",
      "111": "Kp2",
      "112": "Np2",
      "113": "Kq2",
      "114": "Nq2",
      "115": "Vbrk",
      "116": "Frst",
      "117": "Vrst",
      "118": "CmpKpf",
      "119": "CmpKqf",
      "120": "Vc1of f",
      "121": "Vc2off",
      "122": "Vc1on",
      "123": "Vc2on",
      "124": "Tth",
      "125": "Th1t",
      "126": "Th2t",
      "127": "Fuvr",
      "128": "UVtr1",
      "129": "Ttr1",
      "130": "UVtr2",
      "131": "Ttr2",
      "132": "Fraction_of_eletronic_load_that_can_restart"
   },
   "keyInfo": {
      "Vd1": "Voltage at which elect. loads start to drop",
      "Kp1": "real power constant for running state 1",
      "Kp2": "real power constant for running state 2",
      "Vd2": "Voltage at which all elect.load have dropped",
      "Vtr1B": "U/V Trip1 V (pu)",
      "Vtr1C": "U/V Trip1 V (pu)",
      "Vtr1A": "U/V Trip1 V (pu)",
      "Ttr2": "2nd definite time voltage",
      "Fel": "Electronic Load Fraction",
      "Ttr1": "1st definite time voltage pickup (sec)",
      "etrqA": "Torque speed exponent",
      "etrqC": "Torque speed exponent",
      "etrqB": "Torque speed exponent",
      "Ftr1B": "U/V Trip1 fraction",
      "Ftr1C": "U/V Trip1 fraction",
      "Ftr1A": "U/V Trip1 fraction",
      "Xstall": "compressor motor stall reactance -- unsat",
      "Vstall": "compressor stall voltage at base condition (pu)",
      "Tstall": "stall delay (sec)",
      "LpC": "Transient reactance",
      "Nq2": "reactive power exponent for running state 2",
      "LppA": "Sub-transient reactance",
      "LppB": "Sub-transient reactance",
      "LppC": "Sub-transient reactance",
      "Tmin": "LTC min tap (on low side)",
      "UVtr2": "2nd voltage pick-up (pu)",
      "Ftr2A": "U/V Trip2 fraction",
      "UVtr1": "1st voltage pick-up (pu)",
      "Substation shunt B": "Substation shunt B",
      "Step": "LTC Tstep (on low side)",
      "Xcmp": "LTC Xcomp (pu on load MVA base)",
      "Fb": "Fraction of Feeder Compensation at substation end",
      "Fraction_of_eletronic_load_that_can_restart": "Fraction of eletronic load that can restart",
      "Xxf": "Transformer Reactance -- pu on load MVA base",
      "Vc2off": "Voltage 2 at which all contactors drop out (pu)",
      "FmD": "Motor D Fraction",
      "FmB": "Motor B Fraction",
      "FmC": "Motor C Fraction",
      "FmA": "Motor A Fraction",
      "Ttr2A": "U/V Trip2 Time (sec)",
      "RaB": "Stator resistance",
      "RaC": "Stator resistance",
      "RaA": "Stator resistance",
      "CompLF": "compressor load factor, pu of rated power",
      "Tmax": "LTC max tap (on low side)",
      "LTC": "LTC flag (1 active, 0 inactive)",
      "Trc1C": "U/V Trip1 reclose Time (sec)",
      "MtypA": "Motor type",
      "MtypC": "Motor type",
      "MtypB": "Motor type",
      "CmpKqf": "reactive power constnt for freq dependency",
      "Vrc2B": "U/V Trip2 reclose V (pu)",
      "Trc1A": "U/V Trip1 reclose Time (sec)",
      "Pfrq": "Frequency sensitivity",
      "Q1e": "Q1 exponent",